<?xml version="1.0" encoding="utf-8"?>
<prefix name="links" label="Links" language_tag="en" language_label="English"><key name="activity_string"><value>&lt;a href="{$userUrl}"&gt;{$user}&lt;/a&gt; posted new link: &lt;a href="{$url}"&gt;{$title}&lt;/a&gt; &lt;a class="ow_small" href="{$permalink}"&gt;#&lt;/a&gt;</value></key><key name="added"><value>Added</value></key><key name="add_new"><value>Add new</value></key><key name="add_new_link"><value>Link</value></key><key name="admin_links_settings_heading"><value>Links plugin settings</value></key><key name="admin_settings_results_per_page"><value>Number of posts on page</value></key><key name="auth_action_label_add"><value>Add links</value></key><key name="auth_action_label_add_comment"><value>Comment links</value></key><key name="auth_action_label_delete_comment_by_content_owner"><value>The content owner can delete comments</value></key><key name="auth_action_label_view"><value>View links</value></key><key name="auth_group_label"><value>Links</value></key><key name="browse_by_tag_description"><value>Browse links by tags: {$tags}and others.</value></key><key name="browse_by_tag_item_description"><value>Browse links tagged as `{$tag}`.</value></key><key name="browse_by_tag_item_title"><value>`{$tag}` links - {$site_name}</value></key><key name="browse_by_tag_title"><value>Browse links by tags - {$site_name}</value></key><key name="by"><value>By</value></key><key name="by_lower"><value>by</value></key><key name="cancel_vote"><value>Cancel</value></key><key name="cmp_widget_post_count"><value>Links count</value></key><key name="comments"><value>comments</value></key><key name="comment_activity_string"><value>&lt;a href="{$actorUrl}"&gt;{$actor}&lt;/a&gt; commented on &lt;a href="{$ownerUrl}"&gt;{$owner}&lt;/a&gt;'s link: &lt;a href="{$url}"&gt;{$title}&lt;/a&gt;</value></key><key name="comment_notification_string"><value>&lt;a href="{$actorUrl}"&gt;{$actor}&lt;/a&gt; commented on your link: &lt;a href="{$url}"&gt;"{$title}"&lt;/a&gt;</value></key><key name="edit_page_heading"><value>Edit link</value></key><key name="email_notifications_setting_comment"><value>Someone comments on my link</value></key><key name="feed_activity_link_string"><value>commented on {$user}'s link</value></key><key name="feed_activity_link_string_like"><value>liked {$user}'s link</value></key><key name="feed_activity_owner_link_string_like"><value>liked their link</value></key><key name="feed_activity_owner_post_string"><value>commented on their link</value></key><key name="feed_content_label"><value>Links</value></key><key name="feed_toolbar_permalink"><value>Permalink</value></key><key name="flags"><value>Links</value></key><key name="go_to_links"><value>Go to Links</value></key><key name="index_widget_empty"><value>No links.</value></key><key name="latest_description"><value>Recently submitted web addresses at {$site_name}.</value></key><key name="latest_title"><value>Recent links - {$site_name}</value></key><key name="link"><value>Link</value></key><key name="links"><value>Links</value></key><key name="links_on_notify_actions"><value>Someone comments on my link</value></key><key name="link_cap"><value>Link</value></key><key name="link_description"><value>{$link_title}: {$link_description}.</value></key><key name="link_title"><value>{$link_title}: {$link_url} - link at {$site_name}</value></key><key name="list_page_heading"><value>Shared Links</value></key><key name="main_menu_item"><value>Links</value></key><key name="menuItemBrowseByTag"><value>Browse by Tag</value></key><key name="menuItemLatest"><value>Latest</value></key><key name="menuItemMostDiscussed"><value>Most Discussed</value></key><key name="menuItemTopRated"><value>Top Rated</value></key><key name="more"><value>more</value></key><key name="most_discussed_description"><value>Most discussed links submitted by users at {$site_name}.</value></key><key name="most_discussed_title"><value>Most discussed links - {$site_name}</value></key><key name="my_links"><value>My Links</value></key><key name="notification_section_label"><value>Links</value></key><key name="privacy_action_comment_links"><value>Comment my links</value></key><key name="privacy_action_view_links"><value>View my links</value></key><key name="results_by_tag"><value>Tag search results for: "&lt;b&gt;{$tag}&lt;/b&gt;"</value></key><key name="result_as"><value>Results as</value></key><key name="result_mode_detailed"><value>Both positive and negative</value></key><key name="result_mode_sum"><value>Summary</value></key><key name="save_btn_label"><value>Save</value></key><key name="save_form_desc_field_label"><value>Description:</value></key><key name="save_form_publish_field_label"><value>Publish</value></key><key name="save_form_tags_field_label"><value>Tags:</value></key><key name="save_form_title_field_label"><value>Title:</value></key><key name="save_form_url_field_label"><value>Link URL:</value></key><key name="save_page_heading"><value>Add new link</value></key><key name="settings"><value>Settings</value></key><key name="sign_in_request"><value>You need to sign in to vote</value></key><key name="tags"><value>Tags:</value></key><key name="toolbar_comments"><value>comments</value></key><key name="toolbar_delete"><value>Delete</value></key><key name="toolbar_edit"><value>Edit</value></key><key name="top_rated_description"><value>Top rated links submitted by users at {$site_name}.</value></key><key name="top_rated_title"><value>Top rated links - {$site_name}</value></key><key name="updated"><value>Updated</value></key><key name="usercredits_action_add_comment"><value>Comment link</value></key><key name="usercredits_action_add_link"><value>Add link</value></key><key name="user_links_description"><value>{$display_name}'s links</value></key><key name="user_links_title"><value>{$display_name}'s Links</value></key><key name="user_link_page_heading"><value>{$display_name}'s Links</value></key><key name="view_all"><value>View all</value></key><key name="vote"><value>vote</value></key></prefix>
