<?xml version="1.0" encoding="utf-8"?>
<prefix name="GConnect" label="Google Connect" language_tag="en" language_label="English"><key name="access_settings_client_id_label"><value>Client Id</value></key><key name="access_settings_client_secret_label"><value>Client secret</value></key><key name="admin_configuration_required_notification"><value>&lt;a href="{$href}"&gt;Google Connect&lt;/a&gt; requires configuration</value></key><key name="app_register_title"><value>set up your Google Client</value></key><key name="app_return_url_desc"><value>Remember to configure the &lt;strong&gt;response url&lt;/strong&gt; in your Google application to make it work</value></key><key name="feed_user_join"><value>has been joined!</value></key><key name="heading_configuration"><value>Google connect</value></key><key name="join_dublicate_email_msg"><value>Sorry e-mail used!</value></key><key name="join_failure_msg"><value>Registration process fail!</value></key><key name="join_incomplete"><value>Registration process incomplete</value></key><key name="join_incorrect_username"><value>Invalid Username</value></key><key name="join_success_msg"><value>Registration process ok!</value></key><key name="login_failure_msg"><value>Google login fail</value></key><key name="login_success_msg"><value>Login with Google successful!</value></key><key name="register_app_desc"><value>&lt;p&gt;&#13;
Follow these 2 simple steps to enable Google Connect on your site:&#13;
&lt;/p&gt;&#13;
&lt;ul class="ow_regular ow_stdmargin"&gt;&#13;
&lt;li&gt;&#13;
&lt;b&gt;&lt;a href="https://code.google.com/apis/console/" target="_blank"&gt;Create your Google application&lt;/a&gt;&lt;/b&gt; and set a name for it. It should be your social network name so users remember that they signed up.&#13;
&lt;/li&gt;&#13;
&lt;li&gt;You will be given &lt;b&gt;Client ID&lt;/b&gt; and &lt;b&gt;Client secret&lt;/b&gt;. Copy them to the form below and you are all set!&#13;
&lt;/li&gt;&#13;
&lt;/ul&gt;&#13;
After that Google Connect will be ready to use!</value></key><key name="register_app_success"><value>Configurations saved</value></key><key name="register_success_msg"><value>Congratulation your &lt;b&gt;configuration&lt;/b&gt; is ready to use!</value></key><key name="save_btn_label"><value>Save the client configuration</value></key></prefix>
